"","field_b","n","job","value"
"1","Generic programmes and qualifications",496,"Administrative and commercial managers",3.47243524394071
"2","Generic programmes and qualifications",496,"Agricultural, forestry and fishery labourers",0.340981991743073
"3","Generic programmes and qualifications",496,"Armed forces occupations, other ranks",0.0196078228207534
"4","Generic programmes and qualifications",496,"Assemblers",0.182880065082302
"5","Generic programmes and qualifications",496,"Building and related trades workers, excluding electricians",0.401770137306263
"6","Generic programmes and qualifications",496,"Business and administration associate professionals",8.92072850573608
"7","Generic programmes and qualifications",496,"Business and administration professionals",8.34649739474707
"8","Generic programmes and qualifications",496,"Chief executives, senior officials and legislators",1.62427410493376
"9","Generic programmes and qualifications",496,"Cleaners and helpers",1.4391260269224
"10","Generic programmes and qualifications",496,"Commissioned armed forces officers",0.03976551623502
"11","Generic programmes and qualifications",496,"Customer services clerks",5.07366214470559
"12","Generic programmes and qualifications",496,"Drivers and mobile plant operators",0.603393046112057
"13","Generic programmes and qualifications",496,"Electrical and electronic trades workers",1.37603223718416
"14","Generic programmes and qualifications",496,"Food preparation assistants",0.200211880025692
"15","Generic programmes and qualifications",496,"Food processing, wood working, garment and other craft and related trades workers",1.84452414626794
"16","Generic programmes and qualifications",496,"General and keyboard clerks",6.84899163339027
"17","Generic programmes and qualifications",496,"Handicraft and printing workers",0.0563740712037718
"18","Generic programmes and qualifications",496,"Health associate professionals",0.597901549700902
"19","Generic programmes and qualifications",496,"Health professionals",0.794751966537853
"20","Generic programmes and qualifications",496,"Hospitality, retail and other services managers",2.02544126237832
"21","Generic programmes and qualifications",496,"Information and communications technicians",1.82256067616491
"22","Generic programmes and qualifications",496,"Information and communications technology professionals",4.78636665077754
"23","Generic programmes and qualifications",496,"Labourers in mining, construction, manufacturing and transport",1.62976050187354
"24","Generic programmes and qualifications",496,"Legal, social and cultural professionals",3.35491359626468
"25","Generic programmes and qualifications",496,"Legal, social, cultural and related associate professionals",0.391548756023134
"26","Generic programmes and qualifications",496,"Market-oriented skilled agricultural workers",0.197343909469441
"27","Generic programmes and qualifications",496,"Market-oriented skilled forestry, fishery and hunting workers",0.146733563247933
"28","Generic programmes and qualifications",496,"Metal, machinery and related trades workers",0.393571747534099
"29","Generic programmes and qualifications",496,"NA/Unidentifiable",4.02795213574264
"30","Generic programmes and qualifications",496,"Non-commissioned armed forces officers",0.0148362861384044
"31","Generic programmes and qualifications",496,"Numerical and material recording clerks",4.84518955090774
"32","Generic programmes and qualifications",496,"Other clerical support workers",3.4560049121156
"33","Generic programmes and qualifications",496,"Personal care workers",2.2288188334867
"34","Generic programmes and qualifications",496,"Personal service workers",2.43898739943747
"35","Generic programmes and qualifications",496,"Production and specialised services managers",5.53433476611606
"36","Generic programmes and qualifications",496,"Protective services workers",3.02413150073366
"37","Generic programmes and qualifications",496,"Refuse workers and other elementary workers",0.595858242474126
"38","Generic programmes and qualifications",496,"Sales workers",5.44308967361718
"39","Generic programmes and qualifications",496,"Science and engineering associate professionals",1.79819101114188
"40","Generic programmes and qualifications",496,"Science and engineering professionals",2.22007879701847
"41","Generic programmes and qualifications",496,"Stationary plant and machine operators",0.824685747280933
"42","Generic programmes and qualifications",496,"Street and related sales and service workers",0.0230665384521954
"43","Generic programmes and qualifications",496,"Teaching professionals",6.59262445700768
"44","Education",1428,"Administrative and commercial managers",0.590909746053312
"45","Education",1428,"Agricultural, forestry and fishery labourers",0.0089845124417984
"46","Education",1428,"Armed forces occupations, other ranks",0.00539573706159479
"47","Education",1428,"Assemblers",0.00798982940600411
"48","Education",1428,"Building and related trades workers, excluding electricians",0.222184790299505
"49","Education",1428,"Business and administration associate professionals",3.30382733916536
"50","Education",1428,"Business and administration professionals",2.72391065376037
"51","Education",1428,"Chief executives, senior officials and legislators",0.352169669074702
"52","Education",1428,"Cleaners and helpers",0.0720840099119665
"53","Education",1428,"Commissioned armed forces officers",0.0706874158547329
"54","Education",1428,"Customer services clerks",1.53004489195678
"55","Education",1428,"Drivers and mobile plant operators",0.393356565470856
"56","Education",1428,"Electrical and electronic trades workers",0.070974661339457
"57","Education",1428,"Food preparation assistants",0.212570930995581
"58","Education",1428,"Food processing, wood working, garment and other craft and related trades workers",0.278383727080763
"59","Education",1428,"General and keyboard clerks",3.04779845197073
"60","Education",1428,"Handicraft and printing workers",0.0717104747379701
"61","Education",1428,"Health associate professionals",0.0756695882464954
"62","Education",1428,"Health professionals",1.67363111646501
"63","Education",1428,"Hospitality, retail and other services managers",0.415163093430579
"64","Education",1428,"Information and communications technicians",0.647071831877685
"65","Education",1428,"Information and communications technology professionals",0.977537949923923
"66","Education",1428,"Labourers in mining, construction, manufacturing and transport",0.427461990175575
"67","Education",1428,"Legal, social and cultural professionals",2.66003341766058
"68","Education",1428,"Legal, social, cultural and related associate professionals",2.25344307297496
"69","Education",1428,"Market-oriented skilled agricultural workers",0.130124413508212
"70","Education",1428,"Market-oriented skilled forestry, fishery and hunting workers",0.00840256489634914
"71","Education",1428,"Metal, machinery and related trades workers",0.0819071599820576
"72","Education",1428,"NA/Unidentifiable",0.570768226715839
"73","Education",1428,"Non-commissioned armed forces officers",0.00532054284047864
"74","Education",1428,"Numerical and material recording clerks",1.14935863455898
"75","Education",1428,"Other clerical support workers",0.625810682919328
"76","Education",1428,"Personal care workers",5.44978316743284
"77","Education",1428,"Personal service workers",1.31501070528143
"78","Education",1428,"Production and specialised services managers",4.25652955520386
"79","Education",1428,"Protective services workers",0.565218649072687
"80","Education",1428,"Refuse workers and other elementary workers",0.00772712683132117
"81","Education",1428,"Sales workers",2.17267583731966
"82","Education",1428,"Science and engineering associate professionals",0.129214309240923
"83","Education",1428,"Science and engineering professionals",0.634668638860837
"84","Education",1428,"Stationary plant and machine operators",0.21607121075607
"85","Education",1428,"Street and related sales and service workers",0.00573250726077423
"86","Education",1428,"Teaching professionals",60.5826805999821
"87","Arts, humanities and foreign languages",1667,"Administrative and commercial managers",2.62464500235005
"88","Arts, humanities and foreign languages",1667,"Agricultural, forestry and fishery labourers",0.00772197693023747
"89","Arts, humanities and foreign languages",1667,"Armed forces occupations, other ranks",0.0572950442191877
"90","Arts, humanities and foreign languages",1667,"Assemblers",0.242125059261575
"91","Arts, humanities and foreign languages",1667,"Building and related trades workers, excluding electricians",0.0664616773221453
"92","Arts, humanities and foreign languages",1667,"Business and administration associate professionals",9.23101883122772
"93","Arts, humanities and foreign languages",1667,"Business and administration professionals",5.49847193319687
"94","Arts, humanities and foreign languages",1667,"Chief executives, senior officials and legislators",1.07622764849459
"95","Arts, humanities and foreign languages",1667,"Cleaners and helpers",0.786216209748113
"96","Arts, humanities and foreign languages",1667,"Commissioned armed forces officers",0.0601869734555237
"97","Arts, humanities and foreign languages",1667,"Customer services clerks",6.89112492908781
"98","Arts, humanities and foreign languages",1667,"Drivers and mobile plant operators",0.648056091699945
"99","Arts, humanities and foreign languages",1667,"Electrical and electronic trades workers",0.547516048765846
"100","Arts, humanities and foreign languages",1667,"Food preparation assistants",0.173954763378836
"101","Arts, humanities and foreign languages",1667,"Food processing, wood working, garment and other craft and related trades workers",0.779138927972829
"102","Arts, humanities and foreign languages",1667,"General and keyboard clerks",7.65772900502693
"103","Arts, humanities and foreign languages",1667,"Handicraft and printing workers",0.177921300971363
"104","Arts, humanities and foreign languages",1667,"Health associate professionals",0.406870563560404
"105","Arts, humanities and foreign languages",1667,"Health professionals",0.89519083851707
"106","Arts, humanities and foreign languages",1667,"Hospitality, retail and other services managers",1.3384928204637
"107","Arts, humanities and foreign languages",1667,"Information and communications technicians",1.92018852315656
"108","Arts, humanities and foreign languages",1667,"Information and communications technology professionals",1.79003499589591
"109","Arts, humanities and foreign languages",1667,"Labourers in mining, construction, manufacturing and transport",1.07873014006304
"110","Arts, humanities and foreign languages",1667,"Legal, social and cultural professionals",7.51376133893006
"111","Arts, humanities and foreign languages",1667,"Legal, social, cultural and related associate professionals",1.74558146567842
"112","Arts, humanities and foreign languages",1667,"Market-oriented skilled agricultural workers",0.181053588306893
"113","Arts, humanities and foreign languages",1667,"Market-oriented skilled forestry, fishery and hunting workers",0.00724165022770908
"114","Arts, humanities and foreign languages",1667,"Metal, machinery and related trades workers",0.23502131122513
"115","Arts, humanities and foreign languages",1667,"NA/Unidentifiable",1.13366290694436
"116","Arts, humanities and foreign languages",1667,"Non-commissioned armed forces officers",0.00464543718647724
"117","Arts, humanities and foreign languages",1667,"Numerical and material recording clerks",3.21003346672119
"118","Arts, humanities and foreign languages",1667,"Other clerical support workers",2.350583633016
"119","Arts, humanities and foreign languages",1667,"Personal care workers",2.21057101063676
"120","Arts, humanities and foreign languages",1667,"Personal service workers",2.42265694567463
"121","Arts, humanities and foreign languages",1667,"Production and specialised services managers",3.2138622204513
"122","Arts, humanities and foreign languages",1667,"Protective services workers",0.956796981122362
"123","Arts, humanities and foreign languages",1667,"Refuse workers and other elementary workers",0.286916636690069
"124","Arts, humanities and foreign languages",1667,"Sales workers",4.57693900058217
"125","Arts, humanities and foreign languages",1667,"Science and engineering associate professionals",0.605044541040663
"126","Arts, humanities and foreign languages",1667,"Science and engineering professionals",2.56799028988399
"127","Arts, humanities and foreign languages",1667,"Stationary plant and machine operators",0.414056405389893
"128","Arts, humanities and foreign languages",1667,"Street and related sales and service workers",0.058670714570834
"129","Arts, humanities and foreign languages",1667,"Teaching professionals",22.3495911509549
"130","Social sciences, journalism and information",1036,"Administrative and commercial managers",4.37890303915464
"131","Social sciences, journalism and information",1036,"Agricultural, forestry and fishery labourers",0.0997074610242012
"132","Social sciences, journalism and information",1036,"Armed forces occupations, other ranks",0.00506572802445384
"133","Social sciences, journalism and information",1036,"Assemblers",0.177285918418152
"134","Social sciences, journalism and information",1036,"Building and related trades workers, excluding electricians",0.18913097722377
"135","Social sciences, journalism and information",1036,"Business and administration associate professionals",10.5106540133106
"136","Social sciences, journalism and information",1036,"Business and administration professionals",8.96468045333232
"137","Social sciences, journalism and information",1036,"Chief executives, senior officials and legislators",0.966551005694715
"138","Social sciences, journalism and information",1036,"Cleaners and helpers",0.39459286012278
"139","Social sciences, journalism and information",1036,"Commissioned armed forces officers",0.185378298903175
"140","Social sciences, journalism and information",1036,"Customer services clerks",5.3223091723283
"141","Social sciences, journalism and information",1036,"Drivers and mobile plant operators",0.599747303967973
"142","Social sciences, journalism and information",1036,"Electrical and electronic trades workers",0.182377709771249
"143","Social sciences, journalism and information",1036,"Food preparation assistants",0.295753450150562
"144","Social sciences, journalism and information",1036,"Food processing, wood working, garment and other craft and related trades workers",0.101087619871368
"145","Social sciences, journalism and information",1036,"General and keyboard clerks",8.26124143446201
"146","Social sciences, journalism and information",1036,"Handicraft and printing workers",0.096104591898619
"147","Social sciences, journalism and information",1036,"Health associate professionals",0.404208855787295
"148","Social sciences, journalism and information",1036,"Health professionals",1.15586990888976
"149","Social sciences, journalism and information",1036,"Hospitality, retail and other services managers",1.80965280138098
"150","Social sciences, journalism and information",1036,"Information and communications technicians",1.65756853038984
"151","Social sciences, journalism and information",1036,"Information and communications technology professionals",3.45378503229287
"152","Social sciences, journalism and information",1036,"Labourers in mining, construction, manufacturing and transport",1.45150835306575
"153","Social sciences, journalism and information",1036,"Legal, social and cultural professionals",11.3407134841191
"154","Social sciences, journalism and information",1036,"Legal, social, cultural and related associate professionals",3.08665271696876
"155","Social sciences, journalism and information",1036,"Market-oriented skilled agricultural workers",0.188935415999413
"156","Social sciences, journalism and information",1036,"Market-oriented skilled forestry, fishery and hunting workers",0.191124408176305
"157","Social sciences, journalism and information",1036,"Metal, machinery and related trades workers",0.00982585855607461
"158","Social sciences, journalism and information",1036,"NA/Unidentifiable",1.05334777447778
"159","Social sciences, journalism and information",1036,"Non-commissioned armed forces officers",0.00485070367540181
"160","Social sciences, journalism and information",1036,"Numerical and material recording clerks",3.68646338956323
"161","Social sciences, journalism and information",1036,"Other clerical support workers",2.97858732795268
"162","Social sciences, journalism and information",1036,"Personal care workers",4.14847844843622
"163","Social sciences, journalism and information",1036,"Personal service workers",1.44110381935929
"164","Social sciences, journalism and information",1036,"Production and specialised services managers",4.25025281851579
"165","Social sciences, journalism and information",1036,"Protective services workers",0.878033507790681
"166","Social sciences, journalism and information",1036,"Refuse workers and other elementary workers",0.47864294525236
"167","Social sciences, journalism and information",1036,"Sales workers",3.17720537040161
"168","Social sciences, journalism and information",1036,"Science and engineering associate professionals",0.871564975523656
"169","Social sciences, journalism and information",1036,"Science and engineering professionals",1.33352223590344
"170","Social sciences, journalism and information",1036,"Stationary plant and machine operators",0.40132068222272
"171","Social sciences, journalism and information",1036,"Street and related sales and service workers",0.00554489514516857
"172","Social sciences, journalism and information",1036,"Teaching professionals",9.81066470249491
"173","Business, administration and law",3725,"Administrative and commercial managers",7.30048885805153
"174","Business, administration and law",3725,"Agricultural, forestry and fishery labourers",0.113867085967063
"175","Business, administration and law",3725,"Armed forces occupations, other ranks",0.0515721960706038
"176","Business, administration and law",3725,"Assemblers",0.223927771202488
"177","Business, administration and law",3725,"Building and related trades workers, excluding electricians",0.296726997139685
"178","Business, administration and law",3725,"Business and administration associate professionals",15.5461535143505
"179","Business, administration and law",3725,"Business and administration professionals",14.3205637736335
"180","Business, administration and law",3725,"Chief executives, senior officials and legislators",1.61132503374272
"181","Business, administration and law",3725,"Cleaners and helpers",0.404615049710731
"182","Business, administration and law",3725,"Commissioned armed forces officers",0.110754473470053
"183","Business, administration and law",3725,"Customer services clerks",6.30909131993197
"184","Business, administration and law",3725,"Drivers and mobile plant operators",0.621647204570344
"185","Business, administration and law",3725,"Electrical and electronic trades workers",0.540195976560968
"186","Business, administration and law",3725,"Food preparation assistants",0.13593326085449
"187","Business, administration and law",3725,"Food processing, wood working, garment and other craft and related trades workers",0.545933388673111
"188","Business, administration and law",3725,"General and keyboard clerks",8.17250926178676
"189","Business, administration and law",3725,"Handicraft and printing workers",0.162672318457584
"190","Business, administration and law",3725,"Health associate professionals",0.448691087351959
"191","Business, administration and law",3725,"Health professionals",0.480022604017145
"192","Business, administration and law",3725,"Hospitality, retail and other services managers",2.0138817168504
"193","Business, administration and law",3725,"Information and communications technicians",1.21529968978109
"194","Business, administration and law",3725,"Information and communications technology professionals",2.55047604340633
"195","Business, administration and law",3725,"Labourers in mining, construction, manufacturing and transport",0.883453361773244
"196","Business, administration and law",3725,"Legal, social and cultural professionals",5.75669478531648
"197","Business, administration and law",3725,"Legal, social, cultural and related associate professionals",1.45052966860917
"198","Business, administration and law",3725,"Market-oriented skilled agricultural workers",0.133382131606705
"199","Business, administration and law",3725,"Market-oriented skilled forestry, fishery and hunting workers",0.0310606731286529
"200","Business, administration and law",3725,"Metal, machinery and related trades workers",0.437362030206948
"201","Business, administration and law",3725,"NA/Unidentifiable",1.44320463082616
"202","Business, administration and law",3725,"Non-commissioned armed forces officers",0.00447234565718563
"203","Business, administration and law",3725,"Numerical and material recording clerks",7.67263504070146
"204","Business, administration and law",3725,"Other clerical support workers",2.22430941359061
"205","Business, administration and law",3725,"Personal care workers",0.886192097053619
"206","Business, administration and law",3725,"Personal service workers",1.29018256078659
"207","Business, administration and law",3725,"Production and specialised services managers",4.39465070636679
"208","Business, administration and law",3725,"Protective services workers",1.43972096083962
"209","Business, administration and law",3725,"Refuse workers and other elementary workers",0.296675731558487
"210","Business, administration and law",3725,"Sales workers",4.45011917061902
"211","Business, administration and law",3725,"Science and engineering associate professionals",0.667537853952286
"212","Business, administration and law",3725,"Science and engineering professionals",0.698342028642458
"213","Business, administration and law",3725,"Stationary plant and machine operators",0.238679377162387
"214","Business, administration and law",3725,"Street and related sales and service workers",0.109359486243268
"215","Business, administration and law",3725,"Teaching professionals",2.31508731977771
"216","Natural sciences, mathematics and statistics",1537,"Administrative and commercial managers",4.43304981865752
"217","Natural sciences, mathematics and statistics",1537,"Agricultural, forestry and fishery labourers",0.0689927141160001
"218","Natural sciences, mathematics and statistics",1537,"Armed forces occupations, other ranks",0.00487650836212999
"219","Natural sciences, mathematics and statistics",1537,"Assemblers",0.203383738012685
"220","Natural sciences, mathematics and statistics",1537,"Building and related trades workers, excluding electricians",0.4641395317571
"221","Natural sciences, mathematics and statistics",1537,"Business and administration associate professionals",8.17849763725415
"222","Natural sciences, mathematics and statistics",1537,"Business and administration professionals",7.85013870343421
"223","Natural sciences, mathematics and statistics",1537,"Chief executives, senior officials and legislators",1.11545701187211
"224","Natural sciences, mathematics and statistics",1537,"Cleaners and helpers",0.384656545895319
"225","Natural sciences, mathematics and statistics",1537,"Commissioned armed forces officers",0.00559523389096111
"226","Natural sciences, mathematics and statistics",1537,"Customer services clerks",2.85929440335158
"227","Natural sciences, mathematics and statistics",1537,"Drivers and mobile plant operators",0.596995498430274
"228","Natural sciences, mathematics and statistics",1537,"Electrical and electronic trades workers",0.848875353642757
"229","Natural sciences, mathematics and statistics",1537,"Food preparation assistants",0.26087780676323
"230","Natural sciences, mathematics and statistics",1537,"Food processing, wood working, garment and other craft and related trades workers",1.6879377784057
"231","Natural sciences, mathematics and statistics",1537,"General and keyboard clerks",5.32399830017381
"232","Natural sciences, mathematics and statistics",1537,"Handicraft and printing workers",0.520536978821922
"233","Natural sciences, mathematics and statistics",1537,"Health associate professionals",2.55758525770187
"234","Natural sciences, mathematics and statistics",1537,"Health professionals",2.67520167284204
"235","Natural sciences, mathematics and statistics",1537,"Hospitality, retail and other services managers",1.62322015104131
"236","Natural sciences, mathematics and statistics",1537,"Information and communications technicians",1.26397894683972
"237","Natural sciences, mathematics and statistics",1537,"Information and communications technology professionals",5.0908027862749
"238","Natural sciences, mathematics and statistics",1537,"Labourers in mining, construction, manufacturing and transport",1.45306978036988
"239","Natural sciences, mathematics and statistics",1537,"Legal, social and cultural professionals",2.40353664146506
"240","Natural sciences, mathematics and statistics",1537,"Legal, social, cultural and related associate professionals",0.603203827428738
"241","Natural sciences, mathematics and statistics",1537,"Market-oriented skilled agricultural workers",0.199822326500457
"242","Natural sciences, mathematics and statistics",1537,"Market-oriented skilled forestry, fishery and hunting workers",0.138091784312332
"243","Natural sciences, mathematics and statistics",1537,"Metal, machinery and related trades workers",0.312826425668774
"244","Natural sciences, mathematics and statistics",1537,"NA/Unidentifiable",3.70812805438319
"245","Natural sciences, mathematics and statistics",1537,"Non-commissioned armed forces officers",0.00475259421448975
"246","Natural sciences, mathematics and statistics",1537,"Numerical and material recording clerks",4.15239029358944
"247","Natural sciences, mathematics and statistics",1537,"Other clerical support workers",1.0559974924964
"248","Natural sciences, mathematics and statistics",1537,"Personal care workers",1.19633717717894
"249","Natural sciences, mathematics and statistics",1537,"Personal service workers",1.8454440952168
"250","Natural sciences, mathematics and statistics",1537,"Production and specialised services managers",4.12162814037146
"251","Natural sciences, mathematics and statistics",1537,"Protective services workers",0.392317657044498
"252","Natural sciences, mathematics and statistics",1537,"Refuse workers and other elementary workers",0.504543899282572
"253","Natural sciences, mathematics and statistics",1537,"Sales workers",3.26010671236455
"254","Natural sciences, mathematics and statistics",1537,"Science and engineering associate professionals",3.47692318745843
"255","Natural sciences, mathematics and statistics",1537,"Science and engineering professionals",9.23566204704741
"256","Natural sciences, mathematics and statistics",1537,"Stationary plant and machine operators",0.701518298123371
"257","Natural sciences, mathematics and statistics",1537,"Street and related sales and service workers",0.0641388263071692
"258","Natural sciences, mathematics and statistics",1537,"Teaching professionals",13.1514683616348
"259","Information and Communication Technologies (ICTs)",1418,"Administrative and commercial managers",3.52040805938957
"260","Information and Communication Technologies (ICTs)",1418,"Agricultural, forestry and fishery labourers",0.00890792300719734
"261","Information and Communication Technologies (ICTs)",1418,"Armed forces occupations, other ranks",0.00517400998140505
"262","Information and Communication Technologies (ICTs)",1418,"Assemblers",0.285927623421877
"263","Information and Communication Technologies (ICTs)",1418,"Building and related trades workers, excluding electricians",0.21955664238515
"264","Information and Communication Technologies (ICTs)",1418,"Business and administration associate professionals",4.77518948852315
"265","Information and Communication Technologies (ICTs)",1418,"Business and administration professionals",5.42713005170157
"266","Information and Communication Technologies (ICTs)",1418,"Chief executives, senior officials and legislators",1.35128182765836
"267","Information and Communication Technologies (ICTs)",1418,"Cleaners and helpers",0.218222990208138
"268","Information and Communication Technologies (ICTs)",1418,"Commissioned armed forces officers",0.223346385495314
"269","Information and Communication Technologies (ICTs)",1418,"Customer services clerks",2.60649672412324
"270","Information and Communication Technologies (ICTs)",1418,"Drivers and mobile plant operators",0.437766811714617
"271","Information and Communication Technologies (ICTs)",1418,"Electrical and electronic trades workers",2.50460164851487
"272","Information and Communication Technologies (ICTs)",1418,"Food preparation assistants",0.281266752706572
"273","Information and Communication Technologies (ICTs)",1418,"Food processing, wood working, garment and other craft and related trades workers",0.636671130820844
"274","Information and Communication Technologies (ICTs)",1418,"General and keyboard clerks",3.80235585484469
"275","Information and Communication Technologies (ICTs)",1418,"Handicraft and printing workers",0.283354199175582
"276","Information and Communication Technologies (ICTs)",1418,"Health associate professionals",0.5834368636002
"277","Information and Communication Technologies (ICTs)",1418,"Health professionals",0.138031714940399
"278","Information and Communication Technologies (ICTs)",1418,"Hospitality, retail and other services managers",1.12563670051422
"279","Information and Communication Technologies (ICTs)",1418,"Information and communications technicians",10.8103876420786
"280","Information and Communication Technologies (ICTs)",1418,"Information and communications technology professionals",26.1321722123035
"281","Information and Communication Technologies (ICTs)",1418,"Labourers in mining, construction, manufacturing and transport",0.983197984661861
"282","Information and Communication Technologies (ICTs)",1418,"Legal, social and cultural professionals",1.70898949316606
"283","Information and Communication Technologies (ICTs)",1418,"Legal, social, cultural and related associate professionals",0.301306109716706
"284","Information and Communication Technologies (ICTs)",1418,"Market-oriented skilled agricultural workers",0.0727433311656103
"285","Information and Communication Technologies (ICTs)",1418,"Market-oriented skilled forestry, fishery and hunting workers",0.0757027103364616
"286","Information and Communication Technologies (ICTs)",1418,"Metal, machinery and related trades workers",0.642235079002194
"287","Information and Communication Technologies (ICTs)",1418,"NA/Unidentifiable",1.92129353734251
"288","Information and Communication Technologies (ICTs)",1418,"Non-commissioned armed forces officers",0.00503927342321151
"289","Information and Communication Technologies (ICTs)",1418,"Numerical and material recording clerks",1.88368155439897
"290","Information and Communication Technologies (ICTs)",1418,"Other clerical support workers",1.12520272266224
"291","Information and Communication Technologies (ICTs)",1418,"Personal care workers",0.550946640551029
"292","Information and Communication Technologies (ICTs)",1418,"Personal service workers",1.19782916045803
"293","Information and Communication Technologies (ICTs)",1418,"Production and specialised services managers",11.5953857843568
"294","Information and Communication Technologies (ICTs)",1418,"Protective services workers",0.77138285429427
"295","Information and Communication Technologies (ICTs)",1418,"Refuse workers and other elementary workers",0.141365547133147
"296","Information and Communication Technologies (ICTs)",1418,"Sales workers",2.80931646154373
"297","Information and Communication Technologies (ICTs)",1418,"Science and engineering associate professionals",1.53723960762665
"298","Information and Communication Technologies (ICTs)",1418,"Science and engineering professionals",3.16168020449811
"299","Information and Communication Technologies (ICTs)",1418,"Stationary plant and machine operators",0.289610614829729
"300","Information and Communication Technologies (ICTs)",1418,"Street and related sales and service workers",0.00552894978908218
"301","Information and Communication Technologies (ICTs)",1418,"Teaching professionals",3.84299912193455
"302","Engineering, manufacturing and construction",2339,"Administrative and commercial managers",4.82283451723375
"303","Engineering, manufacturing and construction",2339,"Agricultural, forestry and fishery labourers",0.222827015646581
"304","Engineering, manufacturing and construction",2339,"Armed forces occupations, other ranks",0.00473158019434006
"305","Engineering, manufacturing and construction",2339,"Assemblers",0.913156691323663
"306","Engineering, manufacturing and construction",2339,"Building and related trades workers, excluding electricians",1.73289661328338
"307","Engineering, manufacturing and construction",2339,"Business and administration associate professionals",7.13345294604072
"308","Engineering, manufacturing and construction",2339,"Business and administration professionals",5.47847125269431
"309","Engineering, manufacturing and construction",2339,"Chief executives, senior officials and legislators",1.66086174790187
"310","Engineering, manufacturing and construction",2339,"Cleaners and helpers",0.638279820703915
"311","Engineering, manufacturing and construction",2339,"Commissioned armed forces officers",0.00525317264263802
"312","Engineering, manufacturing and construction",2339,"Customer services clerks",1.91703909110727
"313","Engineering, manufacturing and construction",2339,"Drivers and mobile plant operators",1.15997257527168
"314","Engineering, manufacturing and construction",2339,"Electrical and electronic trades workers",2.42637820404052
"315","Engineering, manufacturing and construction",2339,"Food preparation assistants",0.177785280579432
"316","Engineering, manufacturing and construction",2339,"Food processing, wood working, garment and other craft and related trades workers",1.71743875983395
"317","Engineering, manufacturing and construction",2339,"General and keyboard clerks",2.58672549440833
"318","Engineering, manufacturing and construction",2339,"Handicraft and printing workers",0.343683980365463
"319","Engineering, manufacturing and construction",2339,"Health associate professionals",0.941534262369181
"320","Engineering, manufacturing and construction",2339,"Health professionals",0.559661386600513
"321","Engineering, manufacturing and construction",2339,"Hospitality, retail and other services managers",1.46019724239401
"322","Engineering, manufacturing and construction",2339,"Information and communications technicians",2.25935609041926
"323","Engineering, manufacturing and construction",2339,"Information and communications technology professionals",6.99390282144368
"324","Engineering, manufacturing and construction",2339,"Labourers in mining, construction, manufacturing and transport",2.1937719707841
"325","Engineering, manufacturing and construction",2339,"Legal, social and cultural professionals",1.45332042888231
"326","Engineering, manufacturing and construction",2339,"Legal, social, cultural and related associate professionals",0.891672371703401
"327","Engineering, manufacturing and construction",2339,"Market-oriented skilled agricultural workers",0.216786260159033
"328","Engineering, manufacturing and construction",2339,"Market-oriented skilled forestry, fishery and hunting workers",0.0457672852408436
"329","Engineering, manufacturing and construction",2339,"Metal, machinery and related trades workers",3.12105829363663
"330","Engineering, manufacturing and construction",2339,"NA/Unidentifiable",1.16655471727273
"331","Engineering, manufacturing and construction",2339,"Non-commissioned armed forces officers",0.0438594778051676
"332","Engineering, manufacturing and construction",2339,"Numerical and material recording clerks",2.65251088219454
"333","Engineering, manufacturing and construction",2339,"Other clerical support workers",0.904284793201623
"334","Engineering, manufacturing and construction",2339,"Personal care workers",1.07798516885143
"335","Engineering, manufacturing and construction",2339,"Personal service workers",0.811655713274507
"336","Engineering, manufacturing and construction",2339,"Production and specialised services managers",8.56132207301196
"337","Engineering, manufacturing and construction",2339,"Protective services workers",0.970999607347197
"338","Engineering, manufacturing and construction",2339,"Refuse workers and other elementary workers",0.0815559866489501
"339","Engineering, manufacturing and construction",2339,"Sales workers",2.67352210364834
"340","Engineering, manufacturing and construction",2339,"Science and engineering associate professionals",5.90164431463614
"341","Engineering, manufacturing and construction",2339,"Science and engineering professionals",16.2727365222424
"342","Engineering, manufacturing and construction",2339,"Stationary plant and machine operators",2.56919470121013
"343","Engineering, manufacturing and construction",2339,"Street and related sales and service workers",0.041395258168751
"344","Engineering, manufacturing and construction",2339,"Teaching professionals",3.19196152358134
"345","Agriculture, forestry, fisheries and veterinary",275,"Administrative and commercial managers",2.12142259979389
"346","Agriculture, forestry, fisheries and veterinary",275,"Agricultural, forestry and fishery labourers",0.678904128714166
"347","Agriculture, forestry, fisheries and veterinary",275,"Armed forces occupations, other ranks",0.00614926650771972
"348","Agriculture, forestry, fisheries and veterinary",275,"Assemblers",0.0149559345922154
"349","Agriculture, forestry, fisheries and veterinary",275,"Building and related trades workers, excluding electricians",1.12609588294738
"350","Agriculture, forestry, fisheries and veterinary",275,"Business and administration associate professionals",9.42633265879723
"351","Agriculture, forestry, fisheries and veterinary",275,"Business and administration professionals",4.36275119913738
"352","Agriculture, forestry, fisheries and veterinary",275,"Chief executives, senior officials and legislators",2.13656219393528
"353","Agriculture, forestry, fisheries and veterinary",275,"Cleaners and helpers",0.356107283319648
"354","Agriculture, forestry, fisheries and veterinary",275,"Commissioned armed forces officers",0.00868893218380159
"355","Agriculture, forestry, fisheries and veterinary",275,"Customer services clerks",1.4249875566639
"356","Agriculture, forestry, fisheries and veterinary",275,"Drivers and mobile plant operators",0.781188754031133
"357","Agriculture, forestry, fisheries and veterinary",275,"Electrical and electronic trades workers",0.572489819992188
"358","Agriculture, forestry, fisheries and veterinary",275,"Food preparation assistants",0.0148851909436551
"359","Agriculture, forestry, fisheries and veterinary",275,"Food processing, wood working, garment and other craft and related trades workers",2.08475666405182
"360","Agriculture, forestry, fisheries and veterinary",275,"General and keyboard clerks",4.4052415203829
"361","Agriculture, forestry, fisheries and veterinary",275,"Handicraft and printing workers",0.00878522390340217
"362","Agriculture, forestry, fisheries and veterinary",275,"Health associate professionals",3.6257428191521
"363","Agriculture, forestry, fisheries and veterinary",275,"Health professionals",4.75172003085015
"364","Agriculture, forestry, fisheries and veterinary",275,"Hospitality, retail and other services managers",2.14987674655175
"365","Agriculture, forestry, fisheries and veterinary",275,"Information and communications technicians",0.356612177554182
"366","Agriculture, forestry, fisheries and veterinary",275,"Information and communications technology professionals",1.50085167771714
"367","Agriculture, forestry, fisheries and veterinary",275,"Labourers in mining, construction, manufacturing and transport",2.4448594577607
"368","Agriculture, forestry, fisheries and veterinary",275,"Legal, social and cultural professionals",0.645542997437137
"369","Agriculture, forestry, fisheries and veterinary",275,"Legal, social, cultural and related associate professionals",1.85112195816624
"370","Agriculture, forestry, fisheries and veterinary",275,"Market-oriented skilled agricultural workers",3.68010264201477
"371","Agriculture, forestry, fisheries and veterinary",275,"Market-oriented skilled forestry, fishery and hunting workers",1.5133080446598
"372","Agriculture, forestry, fisheries and veterinary",275,"Metal, machinery and related trades workers",0.381896030901841
"373","Agriculture, forestry, fisheries and veterinary",275,"NA/Unidentifiable",3.66370339200742
"374","Agriculture, forestry, fisheries and veterinary",275,"Non-commissioned armed forces officers",0.00553088156963225
"375","Agriculture, forestry, fisheries and veterinary",275,"Numerical and material recording clerks",4.46529471508731
"376","Agriculture, forestry, fisheries and veterinary",275,"Other clerical support workers",1.86594726827512
"377","Agriculture, forestry, fisheries and veterinary",275,"Personal care workers",1.53427586191798
"378","Agriculture, forestry, fisheries and veterinary",275,"Personal service workers",4.02037102434723
"379","Agriculture, forestry, fisheries and veterinary",275,"Production and specialised services managers",3.66233304256121
"380","Agriculture, forestry, fisheries and veterinary",275,"Protective services workers",1.44637472643302
"381","Agriculture, forestry, fisheries and veterinary",275,"Refuse workers and other elementary workers",0.354831543843144
"382","Agriculture, forestry, fisheries and veterinary",275,"Sales workers",6.27725896349085
"383","Agriculture, forestry, fisheries and veterinary",275,"Science and engineering associate professionals",3.18440402366702
"384","Agriculture, forestry, fisheries and veterinary",275,"Science and engineering professionals",10.921810595003
"385","Agriculture, forestry, fisheries and veterinary",275,"Stationary plant and machine operators",1.83579498925369
"386","Agriculture, forestry, fisheries and veterinary",275,"Street and related sales and service workers",0.00721673422021719
"387","Agriculture, forestry, fisheries and veterinary",275,"Teaching professionals",4.32291284565971
"388","Health and welfare (including care and social work)",1303,"Administrative and commercial managers",0.744834209321053
"389","Health and welfare (including care and social work)",1303,"Agricultural, forestry and fishery labourers",0.235195011473867
"390","Health and welfare (including care and social work)",1303,"Armed forces occupations, other ranks",0.00587742956974587
"391","Health and welfare (including care and social work)",1303,"Assemblers",0.0834189663616947
"392","Health and welfare (including care and social work)",1303,"Building and related trades workers, excluding electricians",0.158753593041234
"393","Health and welfare (including care and social work)",1303,"Business and administration associate professionals",5.10685167785865
"394","Health and welfare (including care and social work)",1303,"Business and administration professionals",2.67745352968651
"395","Health and welfare (including care and social work)",1303,"Chief executives, senior officials and legislators",0.530650512016875
"396","Health and welfare (including care and social work)",1303,"Cleaners and helpers",0.458962966390447
"397","Health and welfare (including care and social work)",1303,"Commissioned armed forces officers",0.00682929301454508
"398","Health and welfare (including care and social work)",1303,"Customer services clerks",2.06014661768551
"399","Health and welfare (including care and social work)",1303,"Drivers and mobile plant operators",0.0792737794922599
"400","Health and welfare (including care and social work)",1303,"Electrical and electronic trades workers",0.0737925143756758
"401","Health and welfare (including care and social work)",1303,"Food preparation assistants",0.305728748871456
"402","Health and welfare (including care and social work)",1303,"Food processing, wood working, garment and other craft and related trades workers",0.454230596138505
"403","Health and welfare (including care and social work)",1303,"General and keyboard clerks",2.82545875635539
"404","Health and welfare (including care and social work)",1303,"Handicraft and printing workers",0.00720086704219115
"405","Health and welfare (including care and social work)",1303,"Health associate professionals",9.18339652880183
"406","Health and welfare (including care and social work)",1303,"Health professionals",38.3689841945166
"407","Health and welfare (including care and social work)",1303,"Hospitality, retail and other services managers",0.707023056943307
"408","Health and welfare (including care and social work)",1303,"Information and communications technicians",0.46383722901737
"409","Health and welfare (including care and social work)",1303,"Information and communications technology professionals",0.700854378495587
"410","Health and welfare (including care and social work)",1303,"Labourers in mining, construction, manufacturing and transport",0.635949516028639
"411","Health and welfare (including care and social work)",1303,"Legal, social and cultural professionals",5.41613894033225
"412","Health and welfare (including care and social work)",1303,"Legal, social, cultural and related associate professionals",2.21658064816338
"413","Health and welfare (including care and social work)",1303,"Market-oriented skilled agricultural workers",0.304999154605098
"414","Health and welfare (including care and social work)",1303,"Market-oriented skilled forestry, fishery and hunting workers",0.00959139847761278
"415","Health and welfare (including care and social work)",1303,"Metal, machinery and related trades workers",0.0869601896352624
"416","Health and welfare (including care and social work)",1303,"NA/Unidentifiable",1.64181264543555
"417","Health and welfare (including care and social work)",1303,"Non-commissioned armed forces officers",0.00572487478094653
"418","Health and welfare (including care and social work)",1303,"Numerical and material recording clerks",0.773414750198892
"419","Health and welfare (including care and social work)",1303,"Other clerical support workers",1.61216550375318
"420","Health and welfare (including care and social work)",1303,"Personal care workers",8.27041225461472
"421","Health and welfare (including care and social work)",1303,"Personal service workers",1.62441064509839
"422","Health and welfare (including care and social work)",1303,"Production and specialised services managers",2.97489185972193
"423","Health and welfare (including care and social work)",1303,"Protective services workers",0.449167384808909
"424","Health and welfare (including care and social work)",1303,"Refuse workers and other elementary workers",0.240181295431152
"425","Health and welfare (including care and social work)",1303,"Sales workers",1.99098691313365
"426","Health and welfare (including care and social work)",1303,"Science and engineering associate professionals",0.705463547849337
"427","Health and welfare (including care and social work)",1303,"Science and engineering professionals",1.82481251597623
"428","Health and welfare (including care and social work)",1303,"Stationary plant and machine operators",0.386396773891883
"429","Health and welfare (including care and social work)",1303,"Street and related sales and service workers",0.00637887536688405
"430","Health and welfare (including care and social work)",1303,"Teaching professionals",3.58480585622579
"431","Services (Personal, security, transport, hygiene, occupational health services)",667,"Administrative and commercial managers",2.64239280859777
"432","Services (Personal, security, transport, hygiene, occupational health services)",667,"Agricultural, forestry and fishery labourers",0.46049559824609
"433","Services (Personal, security, transport, hygiene, occupational health services)",667,"Armed forces occupations, other ranks",0.461155558199237
"434","Services (Personal, security, transport, hygiene, occupational health services)",667,"Assemblers",0.30503294347855
"435","Services (Personal, security, transport, hygiene, occupational health services)",667,"Building and related trades workers, excluding electricians",0.0128066120294443
"436","Services (Personal, security, transport, hygiene, occupational health services)",667,"Business and administration associate professionals",8.52241352604114
"437","Services (Personal, security, transport, hygiene, occupational health services)",667,"Business and administration professionals",4.48824241388572
"438","Services (Personal, security, transport, hygiene, occupational health services)",667,"Chief executives, senior officials and legislators",2.10615078095114
"439","Services (Personal, security, transport, hygiene, occupational health services)",667,"Cleaners and helpers",0.917442562854937
"440","Services (Personal, security, transport, hygiene, occupational health services)",667,"Commissioned armed forces officers",0.146779645515356
"441","Services (Personal, security, transport, hygiene, occupational health services)",667,"Customer services clerks",5.67721052742224
"442","Services (Personal, security, transport, hygiene, occupational health services)",667,"Drivers and mobile plant operators",3.4275741679362
"443","Services (Personal, security, transport, hygiene, occupational health services)",667,"Electrical and electronic trades workers",0.647304782089429
"444","Services (Personal, security, transport, hygiene, occupational health services)",667,"Food preparation assistants",0.314622936739309
"445","Services (Personal, security, transport, hygiene, occupational health services)",667,"Food processing, wood working, garment and other craft and related trades workers",1.36885913029149
"446","Services (Personal, security, transport, hygiene, occupational health services)",667,"General and keyboard clerks",5.18120231186555
"447","Services (Personal, security, transport, hygiene, occupational health services)",667,"Handicraft and printing workers",0.00766818672926966
"448","Services (Personal, security, transport, hygiene, occupational health services)",667,"Health associate professionals",1.96559695220849
"449","Services (Personal, security, transport, hygiene, occupational health services)",667,"Health professionals",3.89301625020352
"450","Services (Personal, security, transport, hygiene, occupational health services)",667,"Hospitality, retail and other services managers",3.1846664890509
"451","Services (Personal, security, transport, hygiene, occupational health services)",667,"Information and communications technicians",1.193137712565
"452","Services (Personal, security, transport, hygiene, occupational health services)",667,"Information and communications technology professionals",1.1731335635224
"453","Services (Personal, security, transport, hygiene, occupational health services)",667,"Labourers in mining, construction, manufacturing and transport",2.22908990073957
"454","Services (Personal, security, transport, hygiene, occupational health services)",667,"Legal, social and cultural professionals",2.24953181794263
"455","Services (Personal, security, transport, hygiene, occupational health services)",667,"Legal, social, cultural and related associate professionals",1.32279687457392
"456","Services (Personal, security, transport, hygiene, occupational health services)",667,"Market-oriented skilled agricultural workers",0.0109827303853669
"457","Services (Personal, security, transport, hygiene, occupational health services)",667,"Market-oriented skilled forestry, fishery and hunting workers",0.156647001012833
"458","Services (Personal, security, transport, hygiene, occupational health services)",667,"Metal, machinery and related trades workers",0.575622240868594
"459","Services (Personal, security, transport, hygiene, occupational health services)",667,"NA/Unidentifiable",1.93564909004787
"460","Services (Personal, security, transport, hygiene, occupational health services)",667,"Non-commissioned armed forces officers",0.151409267770748
"461","Services (Personal, security, transport, hygiene, occupational health services)",667,"Numerical and material recording clerks",7.44042095961864
"462","Services (Personal, security, transport, hygiene, occupational health services)",667,"Other clerical support workers",2.86154990345156
"463","Services (Personal, security, transport, hygiene, occupational health services)",667,"Personal care workers",3.56512312785397
"464","Services (Personal, security, transport, hygiene, occupational health services)",667,"Personal service workers",3.59630566690434
"465","Services (Personal, security, transport, hygiene, occupational health services)",667,"Production and specialised services managers",5.98035325070182
"466","Services (Personal, security, transport, hygiene, occupational health services)",667,"Protective services workers",5.10568772245711
"467","Services (Personal, security, transport, hygiene, occupational health services)",667,"Refuse workers and other elementary workers",0.303817224796386
"468","Services (Personal, security, transport, hygiene, occupational health services)",667,"Sales workers",4.52177601855425
"469","Services (Personal, security, transport, hygiene, occupational health services)",667,"Science and engineering associate professionals",3.41208509978476
"470","Services (Personal, security, transport, hygiene, occupational health services)",667,"Science and engineering professionals",1.66478091514883
"471","Services (Personal, security, transport, hygiene, occupational health services)",667,"Stationary plant and machine operators",1.05825910045036
"472","Services (Personal, security, transport, hygiene, occupational health services)",667,"Street and related sales and service workers",0.00682591666501215
"473","Services (Personal, security, transport, hygiene, occupational health services)",667,"Teaching professionals",3.75438070984826
"474","Don't know",9,"Administrative and commercial managers",0.294425886815131
"475","Don't know",9,"Agricultural, forestry and fishery labourers",0.0261268764047613
"476","Don't know",9,"Armed forces occupations, other ranks",0.0016390188434902
"477","Don't know",9,"Assemblers",0.014001064074483
"478","Don't know",9,"Building and related trades workers, excluding electricians",0.029046907770868
"479","Don't know",9,"Business and administration associate professionals",21.581549281652
"480","Don't know",9,"Business and administration professionals",22.3599086603393
"481","Don't know",9,"Chief executives, senior officials and legislators",0.0763875145736372
"482","Don't know",9,"Cleaners and helpers",0.0789081746882657
"483","Don't know",9,"Commissioned armed forces officers",0.00327104140822217
"484","Don't know",9,"Customer services clerks",21.8039572964998
"485","Don't know",9,"Drivers and mobile plant operators",0.0386593560037991
"486","Don't know",9,"Electrical and electronic trades workers",0.0750575753381071
"487","Don't know",9,"Food preparation assistants",0.0151725740949512
"488","Don't know",9,"Food processing, wood working, garment and other craft and related trades workers",0.087471449981366
"489","Don't know",9,"General and keyboard clerks",10.62564666275
"490","Don't know",9,"Handicraft and printing workers",0.00451089265050428
"491","Don't know",9,"Health associate professionals",0.0353651916143474
"492","Don't know",9,"Health professionals",0.0418311235978314
"493","Don't know",9,"Hospitality, retail and other services managers",0.0869392841649796
"494","Don't know",9,"Information and communications technicians",0.0818707767480974
"495","Don't know",9,"Information and communications technology professionals",10.3850684038345
"496","Don't know",9,"Labourers in mining, construction, manufacturing and transport",0.0761210276934459
"497","Don't know",9,"Legal, social and cultural professionals",0.101371814447665
"498","Don't know",9,"Legal, social, cultural and related associate professionals",0.0231006564035786
"499","Don't know",9,"Market-oriented skilled agricultural workers",0.0149460793804186
"500","Don't know",9,"Market-oriented skilled forestry, fishery and hunting workers",0.0117392352292955
"501","Don't know",9,"Metal, machinery and related trades workers",0.028128559851327
"502","Don't know",9,"NA/Unidentifiable",0.115755146919054
"503","Don't know",9,"Non-commissioned armed forces officers",0.00124984454625137
"504","Don't know",9,"Numerical and material recording clerks",0.113478300928659
"505","Don't know",9,"Other clerical support workers",0.110677057298756
"506","Don't know",9,"Personal care workers",0.0871657464405744
"507","Don't know",9,"Personal service workers",0.0923502387318407
"508","Don't know",9,"Production and specialised services managers",10.9015111282208
"509","Don't know",9,"Protective services workers",0.10943540579323
"510","Don't know",9,"Refuse workers and other elementary workers",0.0411809879163746
"511","Don't know",9,"Sales workers",0.114798457607159
"512","Don't know",9,"Science and engineering associate professionals",0.0809152662644394
"513","Don't know",9,"Science and engineering professionals",0.0837729446412394
"514","Don't know",9,"Stationary plant and machine operators",0.0509765417711834
"515","Don't know",9,"Street and related sales and service workers",0.00193047031567646
"516","Don't know",9,"Teaching professionals",0.0925800757505172
"517","No Answer",31,"Administrative and commercial managers",1.35000084390641
"518","No Answer",31,"Agricultural, forestry and fishery labourers",0.0749596496586007
"519","No Answer",31,"Armed forces occupations, other ranks",0.00681821761849386
"520","No Answer",31,"Assemblers",0.0426133699468835
"521","No Answer",31,"Building and related trades workers, excluding electricians",0.0726141873775201
"522","No Answer",31,"Business and administration associate professionals",9.52124242625911
"523","No Answer",31,"Business and administration professionals",12.4695765861753
"524","No Answer",31,"Chief executives, senior officials and legislators",3.24918799883243
"525","No Answer",31,"Cleaners and helpers",3.2185878419741
"526","No Answer",31,"Commissioned armed forces officers",0.0127625298704281
"527","No Answer",31,"Customer services clerks",10.275537800563
"528","No Answer",31,"Drivers and mobile plant operators",0.075621903351912
"529","No Answer",31,"Electrical and electronic trades workers",0.100007375489003
"530","No Answer",31,"Food preparation assistants",0.0447191580201772
"531","No Answer",31,"Food processing, wood working, garment and other craft and related trades workers",3.4196037487465
"532","No Answer",31,"General and keyboard clerks",6.43572950309152
"533","No Answer",31,"Handicraft and printing workers",0.0163161011856669
"534","No Answer",31,"Health associate professionals",3.32814727862415
"535","No Answer",31,"Health professionals",6.67344731013176
"536","No Answer",31,"Hospitality, retail and other services managers",0.0956461118096124
"537","No Answer",31,"Information and communications technicians",0.0947189879687345
"538","No Answer",31,"Information and communications technology professionals",3.18502230796568
"539","No Answer",31,"Labourers in mining, construction, manufacturing and transport",3.25854423613728
"540","No Answer",31,"Legal, social and cultural professionals",0.0872119552539838
"541","No Answer",31,"Legal, social, cultural and related associate professionals",3.31219934237883
"542","No Answer",31,"Market-oriented skilled agricultural workers",0.0441014880530248
"543","No Answer",31,"Market-oriented skilled forestry, fishery and hunting workers",0.0401846258179589
"544","No Answer",31,"Metal, machinery and related trades workers",0.0690003883040859
"545","No Answer",31,"NA/Unidentifiable",0.0935031328615262
"546","No Answer",31,"Non-commissioned armed forces officers",0.00534504324291939
"547","No Answer",31,"Numerical and material recording clerks",6.33452410738529
"548","No Answer",31,"Other clerical support workers",0.095394309181021
"549","No Answer",31,"Personal care workers",0.0916813891555229
"550","No Answer",31,"Personal service workers",3.27749800973895
"551","No Answer",31,"Production and specialised services managers",9.59603027429878
"552","No Answer",31,"Protective services workers",0.098244234328463
"553","No Answer",31,"Refuse workers and other elementary workers",3.13529376472577
"554","No Answer",31,"Sales workers",6.38348588966537
"555","No Answer",31,"Science and engineering associate professionals",0.0938312140046785
"556","No Answer",31,"Science and engineering professionals",0.0868676954649875
"557","No Answer",31,"Stationary plant and machine operators",0.0898641690111791
"558","No Answer",31,"Street and related sales and service workers",0.00804219776839793
"559","No Answer",31,"Teaching professionals",0.036271294654942
"560",NA,9242,"Administrative and commercial managers",NA
"561",NA,9242,"Agricultural, forestry and fishery labourers",NA
"562",NA,9242,"Armed forces occupations, other ranks",NA
"563",NA,9242,"Assemblers",NA
"564",NA,9242,"Building and related trades workers, excluding electricians",NA
"565",NA,9242,"Business and administration associate professionals",NA
"566",NA,9242,"Business and administration professionals",NA
"567",NA,9242,"Chief executives, senior officials and legislators",NA
"568",NA,9242,"Cleaners and helpers",NA
"569",NA,9242,"Commissioned armed forces officers",NA
"570",NA,9242,"Customer services clerks",NA
"571",NA,9242,"Drivers and mobile plant operators",NA
"572",NA,9242,"Electrical and electronic trades workers",NA
"573",NA,9242,"Food preparation assistants",NA
"574",NA,9242,"Food processing, wood working, garment and other craft and related trades workers",NA
"575",NA,9242,"General and keyboard clerks",NA
"576",NA,9242,"Handicraft and printing workers",NA
"577",NA,9242,"Health associate professionals",NA
"578",NA,9242,"Health professionals",NA
"579",NA,9242,"Hospitality, retail and other services managers",NA
"580",NA,9242,"Information and communications technicians",NA
"581",NA,9242,"Information and communications technology professionals",NA
"582",NA,9242,"Labourers in mining, construction, manufacturing and transport",NA
"583",NA,9242,"Legal, social and cultural professionals",NA
"584",NA,9242,"Legal, social, cultural and related associate professionals",NA
"585",NA,9242,"Market-oriented skilled agricultural workers",NA
"586",NA,9242,"Market-oriented skilled forestry, fishery and hunting workers",NA
"587",NA,9242,"Metal, machinery and related trades workers",NA
"588",NA,9242,"NA/Unidentifiable",NA
"589",NA,9242,"Non-commissioned armed forces officers",NA
"590",NA,9242,"Numerical and material recording clerks",NA
"591",NA,9242,"Other clerical support workers",NA
"592",NA,9242,"Personal care workers",NA
"593",NA,9242,"Personal service workers",NA
"594",NA,9242,"Production and specialised services managers",NA
"595",NA,9242,"Protective services workers",NA
"596",NA,9242,"Refuse workers and other elementary workers",NA
"597",NA,9242,"Sales workers",NA
"598",NA,9242,"Science and engineering associate professionals",NA
"599",NA,9242,"Science and engineering professionals",NA
"600",NA,9242,"Stationary plant and machine operators",NA
"601",NA,9242,"Street and related sales and service workers",NA
"602",NA,9242,"Teaching professionals",NA
